party,animosity_tercile,wave,behavior,pct,n
Democrat,Low,Wave 2 (Apr 2020),Mask wearing (%),45.21739130434783,460
Democrat,Low,Wave 2 (Apr 2020),6-ft distancing (%),81.08695652173913,460
Democrat,Mid,Wave 2 (Apr 2020),Mask wearing (%),46.40522875816993,459
Democrat,Mid,Wave 2 (Apr 2020),6-ft distancing (%),81.48148148148148,459
Democrat,High,Wave 2 (Apr 2020),Mask wearing (%),54.347826086956516,460
Democrat,High,Wave 2 (Apr 2020),6-ft distancing (%),91.73913043478261,460
Republican,Low,Wave 2 (Apr 2020),Mask wearing (%),41.269841269841265,252
Republican,Low,Wave 2 (Apr 2020),6-ft distancing (%),83.73015873015873,252
Republican,Mid,Wave 2 (Apr 2020),Mask wearing (%),36.11111111111111,252
Republican,Mid,Wave 2 (Apr 2020),6-ft distancing (%),80.55555555555556,252
Republican,High,Wave 2 (Apr 2020),Mask wearing (%),34.0,250
Republican,High,Wave 2 (Apr 2020),6-ft distancing (%),81.2,250
Democrat,Low,Wave 3 (Oct 2020),Mask wearing (%),91.92708333333334,384
Democrat,Low,Wave 3 (Oct 2020),6-ft distancing (%),79.16666666666666,384
Democrat,Mid,Wave 3 (Oct 2020),Mask wearing (%),90.1639344262295,366
Democrat,Mid,Wave 3 (Oct 2020),6-ft distancing (%),75.40983606557377,366
Democrat,High,Wave 3 (Oct 2020),Mask wearing (%),93.97905759162303,382
Democrat,High,Wave 3 (Oct 2020),6-ft distancing (%),85.07853403141361,382
Republican,Low,Wave 3 (Oct 2020),Mask wearing (%),90.29126213592234,206
Republican,Low,Wave 3 (Oct 2020),6-ft distancing (%),73.7864077669903,206
Republican,Mid,Wave 3 (Oct 2020),Mask wearing (%),84.21052631578947,190
Republican,Mid,Wave 3 (Oct 2020),6-ft distancing (%),65.78947368421053,190
Republican,High,Wave 3 (Oct 2020),Mask wearing (%),79.41176470588235,204
Republican,High,Wave 3 (Oct 2020),6-ft distancing (%),66.17647058823529,204
Democrat,Low,Wave 4 (Apr 2021),Mask wearing (%),87.35955056179775,356
Democrat,Low,Wave 4 (Apr 2021),6-ft distancing (%),74.71910112359551,356
Democrat,Mid,Wave 4 (Apr 2021),Mask wearing (%),87.5,328
Democrat,Mid,Wave 4 (Apr 2021),6-ft distancing (%),75.91463414634147,328
Democrat,High,Wave 4 (Apr 2021),Mask wearing (%),93.40974212034384,349
Democrat,High,Wave 4 (Apr 2021),6-ft distancing (%),85.67335243553008,349
Republican,Low,Wave 4 (Apr 2021),Mask wearing (%),88.88888888888889,189
Republican,Low,Wave 4 (Apr 2021),6-ft distancing (%),69.84126984126983,189
Republican,Mid,Wave 4 (Apr 2021),Mask wearing (%),77.6595744680851,188
Republican,Mid,Wave 4 (Apr 2021),6-ft distancing (%),60.1063829787234,188
Republican,High,Wave 4 (Apr 2021),Mask wearing (%),71.0,200
Republican,High,Wave 4 (Apr 2021),6-ft distancing (%),51.0,200
